section,AUC (source),AUC (target),pAUC,pAUC (source),pAUC (target),precision (source),precision (target),recall (source),recall (target),F1 score (source),F1 score (target)
00,0.6986301369863014,0.5353881278538813,0.5082572140630943,0.5119795758051846,0.5029239766081871,0.5238095238095238,0.391304347826087,0.825,0.8181818181818182,0.6407766990291262,0.5294117647058824
arithmetic mean,0.6986301369863014,0.5353881278538813,0.5082572140630943,0.5119795758051846,0.5029239766081871,0.5238095238095238,0.391304347826087,0.825,0.8181818181818182,0.6407766990291262,0.5294117647058824
harmonic mean,0.6986301369863014,0.5353881278538813,0.5082572140630943,0.5119795758051846,0.5029239766081871,0.5238095238095238,0.391304347826087,0.825,0.8181818181818182,0.6407766990291262,0.5294117647058824

