section,AUC (source),AUC (target),pAUC,pAUC (source),pAUC (target),precision (source),precision (target),recall (source),recall (target),F1 score (source),F1 score (target)
00,0.8794,0.4564000000000001,0.6073684210526316,0.6126315789473684,0.7052631578947368,0.5822784810126582,0.5,0.92,1.0,0.7131782945736436,0.6666666666666666
arithmetic mean,0.8794,0.4564000000000001,0.6073684210526316,0.6126315789473684,0.7052631578947368,0.5822784810126582,0.5,0.92,1.0,0.7131782945736436,0.6666666666666666
harmonic mean,0.8794,0.4564000000000001,0.6073684210526316,0.6126315789473684,0.7052631578947368,0.5822784810126582,0.5,0.92,1.0,0.7131782945736436,0.6666666666666666

