section,AUC (source),AUC (target),pAUC,pAUC (source),pAUC (target),precision (source),precision (target),recall (source),recall (target),F1 score (source),F1 score (target)
00,0.6870748299319727,0.5786713286713286,0.552376290260605,0.5667065237217032,0.5480549199084668,0.5606060606060606,0.48717948717948717,0.6981132075471698,0.8260869565217391,0.6218487394957982,0.6129032258064516
arithmetic mean,0.6870748299319727,0.5786713286713286,0.552376290260605,0.5667065237217032,0.5480549199084668,0.5606060606060606,0.48717948717948717,0.6981132075471698,0.8260869565217391,0.6218487394957982,0.6129032258064516
harmonic mean,0.6870748299319727,0.5786713286713286,0.552376290260605,0.5667065237217032,0.5480549199084668,0.5606060606060606,0.4871794871794871,0.6981132075471698,0.8260869565217391,0.6218487394957982,0.6129032258064516

