section,AUC (source),AUC (target),pAUC,pAUC (source),pAUC (target),precision (source),precision (target),recall (source),recall (target),F1 score (source),F1 score (target)
00,0.8022,0.5518000000000001,0.5336842105263158,0.6,0.4968421052631579,0.7333333333333333,0.4927536231884058,0.66,0.68,0.6947368421052631,0.5714285714285715
arithmetic mean,0.8022,0.5518000000000001,0.5336842105263158,0.6,0.4968421052631579,0.7333333333333333,0.4927536231884058,0.66,0.68,0.6947368421052631,0.5714285714285715
harmonic mean,0.8022,0.5518000000000001,0.5336842105263158,0.6,0.496842105263158,0.7333333333333333,0.4927536231884058,0.66,0.68,0.6947368421052631,0.5714285714285715

