section,AUC (source),AUC (target),pAUC,pAUC (source),pAUC (target),precision (source),precision (target),recall (source),recall (target),F1 score (source),F1 score (target)
00,0.7369999999999999,0.6482000000000001,0.5836842105263158,0.6231578947368421,0.5621052631578948,0.5666666666666667,0.5970149253731343,0.68,0.8,0.6181818181818183,0.6837606837606838
arithmetic mean,0.7369999999999999,0.6482000000000001,0.5836842105263158,0.6231578947368421,0.5621052631578948,0.5666666666666667,0.5970149253731343,0.68,0.8,0.6181818181818183,0.6837606837606838
harmonic mean,0.7369999999999999,0.6482000000000001,0.5836842105263158,0.6231578947368421,0.5621052631578948,0.5666666666666667,0.5970149253731343,0.68,0.8,0.6181818181818183,0.6837606837606838

