section,AUC (source),AUC (target),pAUC,pAUC (source),pAUC (target),precision (source),precision (target),recall (source),recall (target),F1 score (source),F1 score (target)
00,0.7614000000000001,0.474,0.5231578947368422,0.5305263157894737,0.511578947368421,0.5862068965517241,0.4842105263157895,0.68,0.92,0.6296296296296295,0.6344827586206897
arithmetic mean,0.7614000000000001,0.474,0.5231578947368422,0.5305263157894737,0.511578947368421,0.5862068965517241,0.4842105263157895,0.68,0.92,0.6296296296296295,0.6344827586206897
harmonic mean,0.7614000000000001,0.474,0.5231578947368422,0.5305263157894737,0.511578947368421,0.5862068965517241,0.48421052631578954,0.68,0.92,0.6296296296296295,0.6344827586206897

