section,AUC (source),AUC (target),pAUC,pAUC (source),pAUC (target),precision (source),precision (target),recall (source),recall (target),F1 score (source),F1 score (target)
00,0.6960157402852927,0.5643274853801169,0.5729939497252516,0.6511267785247126,0.4922027290448343,0.29850746268656714,0.47619047619047616,0.7407407407407407,0.6666666666666666,0.42553191489361697,0.5555555555555556
arithmetic mean,0.6960157402852927,0.5643274853801169,0.5729939497252516,0.6511267785247126,0.4922027290448343,0.29850746268656714,0.47619047619047616,0.7407407407407407,0.6666666666666666,0.42553191489361697,0.5555555555555556
harmonic mean,0.6960157402852927,0.5643274853801169,0.5729939497252516,0.6511267785247126,0.4922027290448343,0.29850746268656714,0.47619047619047616,0.7407407407407407,0.6666666666666666,0.425531914893617,0.5555555555555556

