section,AUC (source),AUC (target),pAUC,pAUC (source),pAUC (target),precision (source),precision (target),recall (source),recall (target),F1 score (source),F1 score (target)
00,0.8316,0.8978,0.6557894736842105,0.6421052631578947,0.7326315789473684,0.5,0.5,1.0,1.0,0.6666666666666666,0.6666666666666666
arithmetic mean,0.8316,0.8978,0.6557894736842105,0.6421052631578947,0.7326315789473684,0.5,0.5,1.0,1.0,0.6666666666666666,0.6666666666666666
harmonic mean,0.8316,0.8978000000000002,0.6557894736842105,0.6421052631578947,0.7326315789473684,0.5,0.5,1.0,1.0,0.6666666666666666,0.6666666666666666

