section,AUC (source),AUC (target),pAUC,pAUC (source),pAUC (target),precision (source),precision (target),recall (source),recall (target),F1 score (source),F1 score (target)
00,0.8292,0.4786,0.5436842105263158,0.5957894736842105,0.5305263157894737,0.5,0.5,1.0,1.0,0.6666666666666666,0.6666666666666666
arithmetic mean,0.8292,0.4786,0.5436842105263158,0.5957894736842105,0.5305263157894737,0.5,0.5,1.0,1.0,0.6666666666666666,0.6666666666666666
harmonic mean,0.8291999999999999,0.47859999999999997,0.5436842105263158,0.5957894736842105,0.5305263157894737,0.5,0.5,1.0,1.0,0.6666666666666666,0.6666666666666666

