section,AUC (source),AUC (target),pAUC,pAUC (source),pAUC (target),precision (source),precision (target),recall (source),recall (target),F1 score (source),F1 score (target)
00,0.8466295609152752,0.6752136752136751,0.6365952384712156,0.6546622621243134,0.6140644252772399,0.5196078431372549,0.46938775510204084,1.0,1.0,0.6838709677419356,0.6388888888888888
arithmetic mean,0.8466295609152752,0.6752136752136751,0.6365952384712156,0.6546622621243134,0.6140644252772399,0.5196078431372549,0.46938775510204084,1.0,1.0,0.6838709677419356,0.6388888888888888
harmonic mean,0.8466295609152753,0.6752136752136751,0.6365952384712156,0.6546622621243134,0.6140644252772399,0.5196078431372549,0.4693877551020409,1.0,1.0,0.6838709677419356,0.6388888888888888

