section,AUC (source),AUC (target),pAUC,pAUC (source),pAUC (target),precision (source),precision (target),recall (source),recall (target),F1 score (source),F1 score (target)
00,0.8268247802085463,0.6050228310502282,0.5584987709268857,0.5936763550667714,0.5614035087719298,0.37383177570093457,0.3548387096774194,1.0,1.0,0.5442176870748299,0.5238095238095238
arithmetic mean,0.8268247802085463,0.6050228310502282,0.5584987709268857,0.5936763550667714,0.5614035087719298,0.37383177570093457,0.3548387096774194,1.0,1.0,0.5442176870748299,0.5238095238095238
harmonic mean,0.8268247802085463,0.6050228310502282,0.5584987709268857,0.5936763550667714,0.5614035087719298,0.37383177570093457,0.3548387096774194,1.0,1.0,0.5442176870748299,0.5238095238095238

