section,AUC (source),AUC (target),pAUC,pAUC (source),pAUC (target),precision (source),precision (target),recall (source),recall (target),F1 score (source),F1 score (target)
00,0.7266765043449745,0.526803118908382,0.6152877593320807,0.6784536627133775,0.557504873294347,0.22413793103448276,0.41935483870967744,0.9629629629629629,0.8666666666666667,0.36363636363636365,0.5652173913043478
arithmetic mean,0.7266765043449745,0.526803118908382,0.6152877593320807,0.6784536627133775,0.557504873294347,0.22413793103448276,0.41935483870967744,0.9629629629629629,0.8666666666666667,0.36363636363636365,0.5652173913043478
harmonic mean,0.7266765043449745,0.526803118908382,0.6152877593320807,0.6784536627133775,0.557504873294347,0.22413793103448276,0.41935483870967744,0.9629629629629629,0.8666666666666667,0.36363636363636365,0.5652173913043478

