section,AUC (source),AUC (target),pAUC,pAUC (source),pAUC (target),precision (source),precision (target),recall (source),recall (target),F1 score (source),F1 score (target)
00,0.853,0.43979999999999997,0.5142105263157895,0.648421052631579,0.5094736842105263,0.0,0.0,0.0,0.0,0.0,0.0
arithmetic mean,0.853,0.43979999999999997,0.5142105263157895,0.648421052631579,0.5094736842105263,0.0,0.0,0.0,0.0,0.0,0.0
harmonic mean,0.853,0.4398,0.5142105263157895,0.648421052631579,0.5094736842105263,2.220446049250313e-16,2.220446049250313e-16,2.220446049250313e-16,2.220446049250313e-16,2.220446049250313e-16,2.220446049250313e-16

