id,pAUC,pAUC (source),pAUC (target),AUC (source),AUC (target)
00,0.6152877593320807,0.6784536627133775,0.557504873294347,0.7266765043449745,0.526803118908382
arithmetic mean,0.6152877593320807,0.6784536627133775,0.557504873294347,0.7266765043449745,0.526803118908382
harmonic mean,0.6152877593320807,0.6784536627133775,0.557504873294347,0.7266765043449745,0.526803118908382
