id,pAUC,pAUC (source),pAUC (target),AUC (source),AUC (target)
00,0.6557894736842105,0.6421052631578947,0.7326315789473684,0.8316,0.8978
arithmetic mean,0.6557894736842105,0.6421052631578947,0.7326315789473684,0.8316,0.8978
harmonic mean,0.6557894736842105,0.6421052631578947,0.7326315789473684,0.8316,0.8978000000000002
