id,pAUC,pAUC (source),pAUC (target),AUC (source),AUC (target)
00,0.5584987709268857,0.5936763550667714,0.5614035087719298,0.8268247802085463,0.6050228310502282
arithmetic mean,0.5584987709268857,0.5936763550667714,0.5614035087719298,0.8268247802085463,0.6050228310502282
harmonic mean,0.5584987709268857,0.5936763550667714,0.5614035087719298,0.8268247802085463,0.6050228310502282
