id,pAUC,pAUC (source),pAUC (target),AUC (source),AUC (target)
00,0.5042105263157894,0.5157894736842106,0.5031578947368421,0.6542000000000001,0.3856
arithmetic mean,0.5042105263157894,0.5157894736842106,0.5031578947368421,0.6542000000000001,0.3856
harmonic mean,0.5042105263157894,0.5157894736842106,0.5031578947368421,0.6542000000000001,0.3856
