id,pAUC,pAUC (source),pAUC (target),AUC (source),AUC (target)
00,0.5142105263157895,0.648421052631579,0.5094736842105263,0.853,0.43979999999999997
arithmetic mean,0.5142105263157895,0.648421052631579,0.5094736842105263,0.853,0.43979999999999997
harmonic mean,0.5142105263157895,0.648421052631579,0.5094736842105263,0.853,0.4398
