id,pAUC,pAUC (source),pAUC (target),AUC (source),AUC (target)
00,0.5436842105263158,0.5957894736842105,0.5305263157894737,0.8292,0.4786
arithmetic mean,0.5436842105263158,0.5957894736842105,0.5305263157894737,0.8292,0.4786
harmonic mean,0.5436842105263158,0.5957894736842105,0.5305263157894737,0.8291999999999999,0.47859999999999997
