id,pAUC,pAUC (source),pAUC (target),AUC (source),AUC (target)
00,0.6365952384712156,0.6546622621243134,0.6140644252772399,0.8466295609152752,0.6752136752136751
arithmetic mean,0.6365952384712156,0.6546622621243134,0.6140644252772399,0.8466295609152752,0.6752136752136751
harmonic mean,0.6365952384712156,0.6546622621243134,0.6140644252772399,0.8466295609152753,0.6752136752136751
