System,metric,h-mean,a-mean,ToyDrone,ToyNscale,ToyTank,Vacuum,bandsaw,grinder,shaker
baseline_MAHALA,AUC (source),0.7886320960222928,0.7954472636383995,0.853,0.6542000000000001,0.8292,0.8316,0.8268247802085463,0.7266765043449745,0.8466295609152752
baseline_MAHALA,AUC (target),0.534250480658877,0.5726913750246122,0.4397999999999999,0.3856,0.4786,0.8978,0.6050228310502282,0.526803118908382,0.6752136752136751
baseline_MAHALA,"pAUC (source, target)",0.5700865729068096,0.5754680722246125,0.5142105263157895,0.5042105263157894,0.5436842105263158,0.6557894736842105,0.5584987709268857,0.6152877593320807,0.6365952384712156
baseline_MAHALA,TOTAL score,0.6130056350133644,0.647868903629208,,,,,,,
baseline_MSE,AUC (source),0.7464675842333323,0.7516743867433667,0.8022,0.7614000000000001,0.7369999999999999,0.8794,0.6986301369863014,0.6960157402852927,0.6870748299319727
baseline_MSE,AUC (target),0.5374828692136193,0.5441124202721896,0.5518000000000001,0.474,0.6482000000000001,0.4564000000000001,0.5353881278538813,0.5643274853801169,0.5786713286713286
baseline_MSE,"pAUC (source, target)",0.5525723069469618,0.5545031701272938,0.5336842105263158,0.5231578947368422,0.5836842105263158,0.6073684210526316,0.5082572140630943,0.5729939497252516,0.552376290260605
baseline_MSE,TOTAL score,0.5988161137636059,0.6167633257142834,,,,,,,
