id,pAUC,pAUC (source),pAUC (target),AUC (source),AUC (target)
00,0.6073684210526316,0.6126315789473684,0.7052631578947368,0.8794,0.4564000000000001
arithmetic mean,0.6073684210526316,0.6126315789473684,0.7052631578947368,0.8794,0.4564000000000001
harmonic mean,0.6073684210526316,0.6126315789473684,0.7052631578947368,0.8794,0.4564000000000001
