id,pAUC,pAUC (source),pAUC (target),AUC (source),AUC (target)
00,0.5082572140630943,0.5119795758051846,0.5029239766081871,0.6986301369863014,0.5353881278538813
arithmetic mean,0.5082572140630943,0.5119795758051846,0.5029239766081871,0.6986301369863014,0.5353881278538813
harmonic mean,0.5082572140630943,0.5119795758051846,0.5029239766081871,0.6986301369863014,0.5353881278538813
