id,pAUC,pAUC (source),pAUC (target),AUC (source),AUC (target)
00,0.5231578947368422,0.5305263157894737,0.511578947368421,0.7614000000000001,0.474
arithmetic mean,0.5231578947368422,0.5305263157894737,0.511578947368421,0.7614000000000001,0.474
harmonic mean,0.5231578947368422,0.5305263157894737,0.511578947368421,0.7614000000000001,0.474
