id,pAUC,pAUC (source),pAUC (target),AUC (source),AUC (target)
00,0.552376290260605,0.5667065237217032,0.5480549199084668,0.6870748299319727,0.5786713286713286
arithmetic mean,0.552376290260605,0.5667065237217032,0.5480549199084668,0.6870748299319727,0.5786713286713286
harmonic mean,0.552376290260605,0.5667065237217032,0.5480549199084668,0.6870748299319727,0.5786713286713286
