id,pAUC,pAUC (source),pAUC (target),AUC (source),AUC (target)
00,0.5729939497252516,0.6511267785247126,0.4922027290448343,0.6960157402852927,0.5643274853801169
arithmetic mean,0.5729939497252516,0.6511267785247126,0.4922027290448343,0.6960157402852927,0.5643274853801169
harmonic mean,0.5729939497252516,0.6511267785247126,0.4922027290448343,0.6960157402852927,0.5643274853801169
