id,pAUC,pAUC (source),pAUC (target),AUC (source),AUC (target)
00,0.5336842105263158,0.6,0.4968421052631579,0.8022,0.5518000000000001
arithmetic mean,0.5336842105263158,0.6,0.4968421052631579,0.8022,0.5518000000000001
harmonic mean,0.5336842105263158,0.6,0.496842105263158,0.8022,0.5518000000000001
