id,pAUC,pAUC (source),pAUC (target),AUC (source),AUC (target)
00,0.5836842105263158,0.6231578947368421,0.5621052631578948,0.7369999999999999,0.6482000000000001
arithmetic mean,0.5836842105263158,0.6231578947368421,0.5621052631578948,0.7369999999999999,0.6482000000000001
harmonic mean,0.5836842105263158,0.6231578947368421,0.5621052631578948,0.7369999999999999,0.6482000000000001
